term,jd_count,pct_of_all_jds,roles
reports,3,37.5,DATA_ANALYST:2|CYBER_ANALYST:1
data,3,37.5,DATA_ANALYST:2|DATA_SCIENTIST:1
devops,2,25.0,CLOUD_ENGINEER:2
automate,2,25.0,CLOUD_ENGINEER:1|DATA_ANALYST:1
cloud,2,25.0,CLOUD_ENGINEER:2
provision,2,25.0,CLOUD_ENGINEER:2
tools,2,25.0,CLOUD_ENGINEER:1|DATA_ANALYST:1
scripting,2,25.0,CLOUD_ENGINEER:1|CYBER_ANALYST:1
services,2,25.0,CLOUD_ENGINEER:1|SOFTWARE_DEV:1
concepts,2,25.0,CLOUD_ENGINEER:1|CYBER_ANALYST:1
clear,2,25.0,CYBER_ANALYST:1|DATA_ANALYST:1
transaction,2,25.0,DATA_ANALYST:1|DATA_SCIENTIST:1
dashboards,2,25.0,DATA_ANALYST:2
excel,2,25.0,DATA_ANALYST:2
analysis,2,25.0,DATA_ANALYST:2
product,2,25.0,DATA_ANALYST:1|SOFTWARE_DEV:1
changes,2,25.0,DATA_ANALYST:1|SOFTWARE_DEV:1
basic,2,25.0,DATA_ANALYST:1|WEB_DEV:1
explain,2,25.0,DATA_ANALYST:1|DATA_SCIENTIST:1
reviews,2,25.0,SOFTWARE_DEV:1|WEB_DEV:1
apis,2,25.0,SOFTWARE_DEV:1|WEB_DEV:1
code,2,25.0,SOFTWARE_DEV:1|WEB_DEV:1
part,2,25.0,SOFTWARE_DEV:1|WEB_DEV:1
databases,2,25.0,SOFTWARE_DEV:1|WEB_DEV:1
code reviews,2,25.0,SOFTWARE_DEV:1|WEB_DEV:1
part in code,2,25.0,SOFTWARE_DEV:1|WEB_DEV:1
